trial,spike_time_s
0,0.1396
0,0.8137
0,3.0178
0,3.041633
0,3.062
0,3.122333
0,3.505033
0,3.646267
0,4.027067
0,4.193667
0,4.288033
0,4.2948
0,4.358933
0,4.376
0,5.518967
0,5.6878
0,5.689133
0,6.378133
0,6.413
0,9.113067
0,10.106367
0,10.306333
0,10.870533
0,10.990967
1,0.103233
1,0.109233
1,0.4161
1,0.715733
1,0.865267
1,1.482
1,1.638533
1,1.646333
1,1.6541
1,1.750767
1,1.756067
1,2.3714
1,2.388033
1,2.638333
1,2.6425
1,2.650633
1,2.728033
1,2.8533
1,2.8583
1,3.0431
1,3.073133
1,3.1025
1,3.242733
1,3.351433
1,3.415067
1,3.426333
1,3.454767
1,3.5333
1,3.802933
1,3.8266
1,3.9021
1,3.907233
1,3.914133
1,3.9363
1,4.0316
1,4.0464
1,4.059967
1,4.0668
1,4.106
1,4.1647
1,4.183333
1,4.235333
1,4.2568
1,4.270933
1,4.2783
1,4.369267
1,4.400533
1,4.4445
1,4.4493
1,4.451633
1,4.469233
1,4.4717
1,4.4874
1,4.581433
1,4.598667
1,4.6104
1,4.62
1,4.6291
1,4.744033
1,4.7518
1,4.778733
1,4.8142
1,4.859367
1,4.8867
1,4.922133
1,4.9309
1,4.940467
1,4.95
1,4.964033
1,5.012633
1,5.023933
1,5.0684
1,5.070967
1,5.083767
1,5.146133
1,5.1908
1,5.223867
1,5.296133
1,5.408667
1,5.4974
1,5.5161
1,5.5783
1,5.583467
1,5.5924
1,5.6562
1,5.662133
1,5.7166
1,5.7747
1,5.852067
1,5.8664
1,6.007
1,6.901967
1,7.083467
1,8.083733
1,8.304867
1,8.490667
1,8.5019
1,8.574033
1,8.8437
1,9.0515
1,9.1073
1,9.112367
1,9.118267
1,9.345633
1,9.362733
1,10.011033
1,10.1203
1,10.137367
1,10.197467
1,10.2377
1,10.246667
1,10.268533
1,10.278133
1,10.378167
1,10.3837
1,10.389233
1,10.4577
1,10.494433
1,10.599967
1,10.614933
1,10.626367
1,10.762667
1,10.8003
1,10.842833
1,10.9177
1,10.9215
1,10.9632
1,10.977133
1,11.014367
1,11.041667
1,11.1631
1,11.369333
1,11.459733
1,11.490633
1,11.494967
1,11.514733
1,11.585833
1,11.624667
1,11.654567
1,11.6597
1,11.680933
1,11.738567
1,11.764167
1,11.859067
1,12.000933
1,12.008867
1,12.943
2,0.160667
2,0.373333
2,1.046267
2,1.133433
2,1.223433
2,1.667667
2,1.853
2,1.8578
2,1.861567
2,2.152567
2,2.922167
2,2.9299
2,2.933433
2,2.940533
2,3.042733
2,3.054367
2,3.063067
2,3.099133
2,3.115833
2,3.1347
2,3.139833
2,3.1469
2,3.1601
2,3.1718
2,3.260833
2,3.268633
2,3.290533
2,3.309033
2,3.351233
2,3.3663
2,3.412267
2,3.418267
2,3.504033
2,3.5133
2,3.519567
2,3.586433
2,3.6522
2,3.741733
2,3.7643
2,3.773667
2,3.791733
2,3.8052
2,3.8652
2,3.879567
2,3.9968
2,4.048033
2,4.114433
2,4.121867
2,4.140933
2,4.1666
2,4.1822
2,4.1911
2,4.216933
2,4.2276
2,4.239733
2,4.252233
2,4.290933
2,4.306433
2,4.361433
2,4.373
2,4.375
2,4.3902
2,4.4613
2,4.4712
2,4.495
2,4.594667
2,4.6713
2,4.765433
2,4.775267
2,4.786633
2,4.797267
2,4.828367
2,4.837167
2,4.863133
2,4.879933
2,4.922767
2,4.940467
2,4.961867
2,4.968
2,4.997967
2,5.014133
2,5.059033
2,5.070167
2,5.1699
2,5.177967
2,5.2956
2,5.402867
2,5.451267
2,5.505467
2,5.5111
2,5.560067
2,5.566367
2,5.6248
2,5.634333
2,5.6712
2,5.6737
2,5.691667
2,5.7037
2,5.717867
2,5.7284
2,5.758167
2,5.847
2,5.996233
2,6.014333
2,6.025733
2,6.0436
2,7.448767
2,8.433533
2,8.437367
2,9.0614
2,9.067833
2,9.1357
2,9.141067
2,9.343233
2,9.3489
2,9.3547
2,9.416633
2,9.620233
2,9.650867
2,9.8803
2,9.886
2,9.890333
2,10.059667
2,10.065733
2,10.128633
2,10.239567
2,10.244533
2,10.2595
2,10.277867
2,10.2833
2,10.346433
2,10.3862
2,10.476567
2,10.493667
2,10.5466
2,10.600033
2,10.6017
2,10.6204
2,10.662733
2,10.670233
2,10.790433
2,10.796533
2,10.812367
2,10.8551
2,11.033533
2,11.047567
2,11.060833
2,11.0719
2,11.157633
2,11.1653
2,11.269033
2,11.498233
2,11.504633
2,11.512133
2,11.582733
2,11.6406
2,11.6558
2,11.851533
2,11.8893
3,0.7161
3,0.7294
3,0.738
3,1.103867
3,1.6155
3,1.6375
3,2.449867
3,2.454833
3,2.458967
3,2.4642
3,2.468667
3,2.564367
3,2.574833
3,2.5829
3,2.589
3,3.0353
3,3.050133
3,3.072767
3,3.108033
3,3.1196
3,3.1248
3,3.128867
3,3.135367
3,3.4082
3,3.4183
3,3.423867
3,3.430167
3,3.438267
3,3.4457
3,3.4616
3,3.592433
3,3.6072
3,3.6646
3,3.6713
3,3.776733
3,3.7821
3,3.787
3,3.8063
3,3.823567
3,3.853667
3,3.8613
3,3.8675
3,3.878467
3,3.888
3,3.8981
3,3.904167
3,3.9152
3,3.928333
3,3.943133
3,3.949267
3,3.956033
3,4.0133
3,4.018933
3,4.0585
3,4.077967
3,4.109533
3,4.1136
3,4.1502
3,4.155733
3,4.185067
3,4.201133
3,4.243467
3,4.253033
3,4.2705
3,4.2747
3,4.2934
3,4.379967
3,4.3841
3,4.3881
3,4.3932
3,4.433633
3,4.437567
3,4.466867
3,4.473867
3,4.4922
3,4.496533
3,4.5036
3,4.516333
3,4.616367
3,4.6227
3,4.660233
3,4.756867
3,4.7626
3,4.781433
3,4.788967
3,4.8702
3,4.8877
3,4.894333
3,4.9275
3,4.935433
3,4.947967
3,4.9553
3,4.961567
3,4.969833
3,4.979967
3,4.9958
3,5.005333
3,5.0858
3,5.147767
3,5.152967
3,5.1583
3,5.1764
3,5.463933
3,5.469467
3,5.5017
3,5.5079
3,5.518933
3,5.5248
3,5.5628
3,5.566833
3,5.576567
3,5.644833
3,5.6495
3,5.655833
3,5.6849
3,5.6939
3,5.7015
3,5.855767
3,5.8604
3,5.984867
3,6.0019
3,6.007833
3,6.012667
3,6.016633
3,6.426667
3,6.4318
3,6.435167
3,6.440967
3,6.4572
3,6.463433
3,6.993333
3,6.9989
3,7.004533
3,7.013667
3,7.3441
3,7.348867
3,7.353333
3,7.471
3,7.477433
3,7.485633
3,8.204633
3,8.211933
3,8.564067
3,8.5691
3,8.577067
3,8.584
3,9.082367
3,9.109433
3,9.1261
3,9.138033
3,9.361967
3,9.3709
3,9.418833
3,9.609967
3,9.618133
3,9.800967
3,10.026133
3,10.030967
3,10.121767
3,10.125933
3,10.132133
3,10.1382
3,10.1437
3,10.245
3,10.2506
3,10.2686
3,10.276933
3,10.281867
3,10.288467
3,10.325267
3,10.377
3,10.380467
3,10.461633
3,10.468433
3,10.473867
3,10.538633
3,10.569
3,10.6113
3,10.615567
3,10.620867
3,10.7606
3,10.798867
3,10.808067
3,10.827433
3,10.920833
3,10.9267
3,10.9478
3,10.9538
3,10.966033
3,10.9729
3,11.057333
3,11.064233
3,11.152967
3,11.161233
3,11.458167
3,11.504733
3,11.518067
3,11.5263
3,11.559667
3,11.5714
3,11.636433
3,11.643367
3,11.6568
3,11.6641
3,11.6693
3,11.704733
3,11.7111
3,11.7161
3,11.8568
3,11.867467
3,11.872933
3,11.891367
3,12.006733
3,12.0484
3,12.673067
3,12.680067
3,12.685067
3,13.0412
3,13.7824
3,13.786667
3,13.7896
3,13.866767
3,13.8799
3,14.760067
3,14.766
4,0.084933
4,0.090067
4,0.0957
4,0.1004
4,0.591767
4,0.7419
4,0.7511
4,0.923267
4,1.280733
4,1.2871
4,1.290933
4,1.487633
4,1.830933
4,1.9382
4,1.9601
4,2.178133
4,2.373767
4,2.3779
4,2.382967
4,2.385633
4,2.388467
4,2.6166
4,2.623767
4,2.723833
4,2.851433
4,3.0652
4,3.069233
4,3.110333
4,3.113967
4,3.344067
4,3.368467
4,3.378333
4,3.3981
4,3.404367
4,3.409767
4,3.441167
4,3.4594
4,3.464433
4,3.475133
4,3.579267
4,3.584833
4,3.5907
4,3.597033
4,3.604367
4,3.659333
4,3.684
4,3.6988
4,3.809633
4,3.812667
4,3.820767
4,3.8761
4,3.987733
4,3.994833
4,4.033167
4,4.045433
4,4.052567
4,4.109133
4,4.116667
4,4.121467
4,4.232067
4,4.239167
4,4.2521
4,4.2739
4,4.2815
4,4.3006
4,4.308533
4,4.309633
4,4.310167
4,4.319167
4,4.387533
4,4.395
4,4.4573
4,4.4632
4,4.492533
4,4.5082
4,4.5161
4,4.521467
4,4.545567
4,4.551033
4,4.575233
4,4.6156
4,4.777533
4,4.786033
4,4.793833
4,4.800633
4,4.826233
4,4.844967
4,4.8549
4,4.862067
4,4.918667
4,4.9295
4,4.9414
4,4.955867
4,4.9717
4,4.983633
4,5.045433
4,5.056
4,5.154067
4,5.160533
4,5.169133
4,5.194267
4,5.2944
4,5.364667
4,5.370533
4,5.379667
4,5.537033
4,5.589733
4,5.596133
4,5.6051
4,5.632267
4,5.6501
4,5.688833
4,5.6958
4,5.704267
4,5.857433
4,5.866433
4,5.882467
4,5.888967
4,5.987067
4,6.589967
4,6.782967
4,7.1307
4,7.157633
4,7.164833
4,7.486267
4,7.494567
4,7.915833
4,8.098233
4,8.300033
4,8.304067
4,8.3078
4,8.5142
4,8.5221
4,8.527833
4,8.5351
4,8.888767
4,8.894567
4,8.8998
4,9.044333
4,9.0508
4,9.0645
4,9.070367
4,9.3533
4,9.364967
4,9.377133
4,9.419233
4,9.4249
4,9.5943
4,9.621733
4,9.7473
4,9.765967
4,9.774067
4,9.803767
4,10.0714
4,10.113333
4,10.1187
4,10.122833
4,10.235233
4,10.2427
4,10.255567
4,10.262
4,10.268367
4,10.282933
4,10.294467
4,10.3821
4,10.4401
4,10.455333
4,10.456667
4,10.4609
4,10.470033
4,10.6759
4,10.6917
4,10.696933
4,10.778667
4,10.7858
4,10.797933
4,10.916833
4,10.925167
4,10.954667
4,10.9607
4,11.055733
4,11.062733
4,11.0703
4,11.149133
4,11.157167
4,11.1661
4,11.488667
4,11.5044
4,11.510833
4,11.5158
4,11.616933
4,11.623833
4,11.629633
4,11.637433
4,11.643433
4,11.671467
4,11.687633
4,11.693433
4,11.7674
4,11.774633
4,11.787033
4,11.8596
4,11.872667
4,11.885267
4,12.734433
4,12.739967
4,12.744267
4,13.420167
4,13.437667
4,13.4431
4,13.460933
4,13.724633
4,13.734567
5,0.4692
5,0.761
5,0.766367
5,0.770367
5,0.9172
5,0.924767
5,0.9322
5,1.0951
5,2.450233
5,2.876667
5,2.882233
5,2.886033
5,3.0463
5,3.059533
5,3.068467
5,3.1125
5,3.119133
5,3.1286
5,3.3824
5,3.4133
5,3.420933
5,3.4255
5,3.441533
5,3.4489
5,3.456867
5,3.5931
5,3.600033
5,3.782033
5,3.786067
5,3.7912
5,3.815167
5,3.8605
5,3.8679
5,3.9877
5,4.0481
5,4.061967
5,4.067567
5,4.103933
5,4.110633
5,4.122567
5,4.133967
5,4.150367
5,4.156233
5,4.161167
5,4.172033
5,4.202433
5,4.209867
5,4.245833
5,4.2503
5,4.2564
5,4.272067
5,4.282233
5,4.287967
5,4.374333
5,4.378267
5,4.3828
5,4.4566
5,4.461733
5,4.466267
5,4.473167
5,4.478667
5,4.504667
5,4.5168
5,4.587067
5,4.5981
5,4.606833
5,4.627367
5,4.6351
5,4.762433
5,4.770033
5,4.797567
5,4.802133
5,4.8079
5,4.862967
5,4.867567
5,4.8734
5,4.883533
5,4.889067
5,4.920467
5,4.924867
5,4.930233
5,4.9375
5,4.952667
5,4.962867
5,4.9737
5,4.9785
5,5.055467
5,5.0602
5,5.064733
5,5.126567
5,5.151267
5,5.156833
5,5.1622
5,5.171367
5,5.485167
5,5.491267
5,5.5103
5,5.558267
5,5.564267
5,5.5945
5,5.6159
5,5.639067
5,5.651867
5,5.665333
5,5.671133
5,5.682633
5,5.739833
5,5.747067
5,5.817233
5,6.491867
5,6.5068
5,6.512067
5,6.518933
5,7.290367
5,7.296267
5,7.300933
5,8.522933
5,8.5267
5,8.5306
5,8.536033
5,8.5398
5,8.9424
5,8.9526
5,8.9556
5,9.047333
5,9.053567
5,9.0604
5,9.1034
5,9.1167
5,9.122433
5,9.1305
5,9.137867
5,9.266967
5,9.2722
5,9.2763
5,9.343067
5,9.3467
5,9.3521
5,9.3609
5,9.588667
5,9.594667
5,9.6009
5,9.819133
5,10.0348
5,10.117733
5,10.123433
5,10.1756
5,10.1812
5,10.185833
5,10.237633
5,10.243
5,10.250133
5,10.264933
5,10.2723
5,10.278367
5,10.376267
5,10.3839
5,10.475667
5,10.506967
5,10.513167
5,10.519
5,10.672767
5,10.771933
5,10.777933
5,10.796033
5,10.809033
5,10.882333
5,10.943667
5,10.9507
5,10.954567
5,10.968267
5,10.9759
5,11.0543
5,11.072133
5,11.1514
5,11.169667
5,11.499333
5,11.514267
5,11.519167
5,11.527267
5,11.667633
5,11.7203
5,11.8658
5,11.8705
5,11.876367
5,12.0065
5,12.013467
5,12.0185
5,12.572333
5,12.5774
5,12.581233
5,12.5853
5,13.383133
5,13.3889
5,13.674033
5,13.678633
5,13.684733
5,13.689567
5,13.6981
5,14.147
5,14.2597
5,14.265367
5,14.270033
5,14.2755
5,14.5029
5,14.5103
5,14.515633
5,14.521567
6,0.9005
6,0.908133
6,1.8108
6,1.816467
6,1.8211
6,2.402033
6,2.8631
6,2.870333
6,3.1102
6,3.114733
6,3.1244
6,3.1326
6,3.137267
6,3.365667
6,3.3718
6,3.376967
6,3.423133
6,3.441067
6,3.456533
6,3.464067
6,3.5779
6,3.5845
6,3.591033
6,3.5969
6,3.654467
6,3.660067
6,3.769367
6,3.773167
6,3.7789
6,3.954333
6,3.9601
6,3.968067
6,3.973233
6,3.980967
6,4.0355
6,4.103733
6,4.113
6,4.1186
6,4.126367
6,4.132467
6,4.1804
6,4.1858
6,4.192333
6,4.2317
6,4.236267
6,4.2416
6,4.245633
6,4.251567
6,4.2638
6,4.2698
6,4.283567
6,4.291833
6,4.376333
6,4.379633
6,4.3903
6,4.4612
6,4.465433
6,4.473367
6,4.4785
6,4.597133
6,4.601133
6,4.607133
6,4.670967
6,4.6827
6,4.7905
6,4.798667
6,4.852567
6,4.971567
6,4.976867
6,4.983733
6,5.039567
6,5.297633
6,5.299933
6,5.404433
6,5.634833
6,5.640133
6,5.650833
6,5.6885
6,5.692533
6,5.7073
6,5.7338
6,5.776233
6,5.780233
6,5.847233
6,5.853333
6,5.8613
6,5.866167
6,5.997167
6,6.0052
6,6.8416
6,7.113533
6,7.1178
6,7.1278
6,7.139533
6,7.235567
6,7.7504
6,7.755033
6,7.760333
6,7.9424
6,7.947533
6,7.954633
6,7.961767
6,8.223733
6,8.487767
6,8.493633
6,8.499567
6,8.505233
6,9.043933
6,9.071867
6,9.115967
6,9.120267
6,9.129033
6,9.286133
6,9.297667
6,9.338933
6,9.341833
6,9.433333
6,9.441167
6,9.5969
6,9.801233
6,9.848933
6,9.9029
6,10.1135
6,10.116767
6,10.129067
6,10.160233
6,10.211467
6,10.247633
6,10.269867
6,10.274133
6,10.378667
6,10.382433
6,10.3882
6,10.394367
6,10.4627
6,10.467167
6,10.475933
6,10.617033
6,10.7518
6,10.758933
6,10.765667
6,10.864733
6,10.873733
6,10.921367
6,10.9277
6,10.932967
6,10.939167
6,11.011567
6,11.015933
6,11.023033
6,11.171733
6,11.177067
6,11.184733
6,11.233333
6,11.327333
6,11.503367
6,11.5081
6,11.5115
6,11.5184
6,11.559233
6,11.5638
6,11.575967
6,11.628033
6,11.636333
6,11.6513
6,11.677867
6,11.684567
6,11.7731
6,11.780767
6,11.8577
6,11.865733
6,11.875767
6,12.803167
6,12.827733
6,12.9403
6,12.945067
6,12.948333
6,14.9715
6,14.976933
6,14.9823
7,0.006033
7,0.035333
7,0.041633
7,0.066367
7,0.072833
7,0.082333
7,0.088633
7,0.094333
7,0.113867
7,0.1227
7,0.134633
7,0.1543
7,0.1991
7,0.2069
7,0.2075
7,0.212433
7,0.377633
7,0.383967
7,0.506033
7,0.581533
7,0.7296
7,0.735733
7,0.8006
7,1.206267
7,1.2107
7,1.216233
7,2.3652
7,2.3731
7,2.3795
7,2.3853
7,2.560667
7,2.577333
7,2.582633
7,2.753
7,2.760067
7,3.040767
7,3.048133
7,3.073433
7,3.1027
7,3.106467
7,3.139933
7,3.159667
7,3.202167
7,3.2203
7,3.363267
7,3.368167
7,3.3788
7,3.446567
7,3.468533
7,3.4953
7,3.5013
7,3.5802
7,3.599967
7,3.678133
7,3.796567
7,3.801433
7,3.807333
7,4.098733
7,4.1053
7,4.1477
7,4.180133
7,4.193967
7,4.226267
7,4.2297
7,4.2353
7,4.257133
7,4.2634
7,4.276267
7,4.3708
7,4.375033
7,4.381
7,4.460033
7,4.463833
7,4.4695
7,4.4843
7,4.4918
7,4.498367
7,4.675067
7,4.695067
7,4.772067
7,4.780333
7,4.796733
7,4.850067
7,4.856467
7,4.927467
7,4.935333
7,4.941533
7,4.947233
7,4.957567
7,4.978833
7,5.038067
7,5.0433
7,5.050567
7,5.055433
7,5.075133
7,5.0959
7,5.100267
7,5.1373
7,5.1518
7,5.179033
7,5.218567
7,5.293133
7,5.3014
7,5.456133
7,5.4977
7,5.569733
7,5.5773
7,5.613267
7,5.621833
7,5.627733
7,5.634933
7,5.6403
7,5.644467
7,5.6491
7,5.653733
7,5.667567
7,5.6745
7,5.7858
7,5.859433
7,5.8643
7,6.093567
7,6.786367
7,6.7894
7,6.971667
7,7.781833
7,8.4141
7,9.047
7,9.053967
7,9.345567
7,9.349267
7,9.597233
7,9.601967
7,9.815233
7,10.0431
7,10.109367
7,10.116567
7,10.122133
7,10.1412
7,10.236067
7,10.238667
7,10.246833
7,10.254833
7,10.271267
7,10.278567
7,10.377333
7,10.3809
7,10.391267
7,10.3979
7,10.463733
7,10.469867
7,10.618633
7,10.624067
7,10.784933
7,10.788133
7,10.8658
7,10.929133
7,10.937767
7,10.942733
7,10.950367
7,10.961467
7,10.9718
7,11.0198
7,11.025567
7,11.032667
7,11.165167
7,11.169633
7,11.210467
7,11.5064
7,11.535567
7,11.540233
7,11.5712
7,11.576667
7,11.640167
7,11.649067
7,11.656933
7,11.675833
7,11.6816
7,11.699633
7,11.7487
7,11.754967
7,11.764
7,12.061867
8,0.377133
8,0.992767
8,0.997133
8,1.003333
8,3.0562
8,3.1238
8,3.1268
8,3.136733
8,3.34
8,3.3666
8,3.3725
8,3.5897
8,3.593267
8,3.602167
8,3.653633
8,3.7157
8,3.723567
8,3.731667
8,3.798167
8,3.8132
8,3.859667
8,3.866133
8,3.914533
8,3.9217
8,3.9279
8,4.126867
8,4.142667
8,4.191033
8,4.194067
8,4.200333
8,4.2269
8,4.243367
8,4.251967
8,4.268
8,4.2723
8,4.281467
8,4.461
8,4.466867
8,4.4722
8,4.5852
8,4.5922
8,4.603033
8,4.609267
8,4.615133
8,4.774733
8,4.7795
8,4.791667
8,4.8593
8,4.865067
8,4.924967
8,4.9292
8,4.940467
8,4.948267
8,4.954967
8,4.9605
8,4.9866
8,5.0526
8,5.058133
8,5.0628
8,5.497
8,5.5058
8,5.511567
8,5.633533
8,5.6685
8,5.674867
8,5.952133
8,5.992367
8,5.998733
8,7.714233
8,7.720633
8,7.724833
8,7.7324
8,7.9709
8,8.5564
8,8.564267
8,8.569533
8,8.575633
8,8.583067
8,9.0427
8,9.070633
8,9.074333
8,9.108633
8,9.3036
8,9.3158
8,9.371767
8,9.5928
8,9.801633
8,9.809367
8,9.817033
8,9.994967
8,10.120233
8,10.124567
8,10.128733
8,10.1802
8,10.190233
8,10.2396
8,10.2448
8,10.249033
8,10.254267
8,10.260067
8,10.277633
8,10.285367
8,10.293733
8,10.381167
8,10.385333
8,10.465367
8,10.4696
8,10.528733
8,10.542033
8,10.628967
8,10.6342
8,10.794033
8,10.800367
8,10.806133
8,10.885667
8,10.890133
8,10.895467
8,10.9013
8,10.944133
8,10.952267
8,10.9586
8,10.964167
8,11.066767
8,11.0727
8,11.175067
8,11.207067
8,11.459067
8,11.466167
8,11.502367
8,11.527567
8,11.5343
8,11.636267
8,11.641767
8,11.6512
8,11.657267
8,11.6683
8,11.759267
8,11.7661
8,11.773067
8,12.007933
8,12.0137
8,12.5136
8,12.5214
8,12.528167
8,13.450733
8,13.867867
8,13.872067
8,13.876933
8,13.8831
8,14.453933
8,14.457
9,0.0908
9,0.095867
9,0.100533
9,0.1038
9,0.122933
9,1.058733
9,1.359
9,1.664967
9,1.670067
9,1.867467
9,1.882467
9,1.8856
9,1.891033
9,1.903933
9,1.911
9,1.915633
9,2.2349
9,2.275067
9,2.966667
9,2.972033
9,2.979033
9,2.986533
9,2.991267
9,3.050367
9,3.0636
9,3.191067
9,3.196667
9,3.2142
9,3.356233
9,3.366567
9,3.587
9,3.615167
9,3.797467
9,3.8185
9,4.120767
9,4.167233
9,4.171667
9,4.176833
9,4.182167
9,4.192967
9,4.241233
9,4.247667
9,4.2547
9,4.261867
9,4.2692
9,4.2821
9,4.2876
9,4.374967
9,4.3768
9,4.3802
9,4.388933
9,4.410633
9,4.460333
9,4.4659
9,4.471033
9,4.4811
9,4.602533
9,4.6196
9,4.628967
9,4.701933
9,4.707467
9,4.7442
9,4.794133
9,4.801067
9,4.913333
9,4.9174
9,4.924767
9,4.937067
9,4.948967
9,4.969933
9,4.981967
9,4.988067
9,4.997967
9,5.003367
9,5.059567
9,5.064067
9,5.071433
9,5.1499
9,5.160067
9,5.1709
9,5.503067
9,5.5103
9,5.520033
9,5.5601
9,5.565867
9,5.572733
9,5.579333
9,5.647033
9,5.654067
9,5.658933
9,5.667667
9,5.677233
9,5.690933
9,5.8154
9,5.8709
9,5.8778
9,6.007833
9,6.813
9,8.114133
9,8.1207
9,8.1247
9,8.129633
9,9.068467
9,9.0731
9,9.077967
9,9.345133
9,9.350633
9,9.5967
9,9.6023
9,10.091
9,10.103367
9,10.1375
9,10.1442
9,10.188467
9,10.244867
9,10.252633
9,10.270533
9,10.283233
9,10.3813
9,10.388933
9,10.489967
9,10.652
9,10.6574
9,10.6662
9,10.7857
9,10.795
9,10.803533
9,10.821367
9,10.857933
9,10.866167
9,10.8731
9,10.908667
9,10.913567
9,10.9217
9,10.9316
9,10.943167
9,10.946967
9,10.959067
9,11.0556
9,11.071167
9,11.076867
9,11.0834
9,11.1471
9,11.2066
9,11.220333
9,11.5011
9,11.5078
9,11.513533
9,11.5645
9,11.577267
9,11.596867
9,11.621367
9,11.6313
9,11.6676
9,11.7653
9,11.780567
9,11.877033
9,11.8829
9,12.0011
9,12.0069
9,12.0131
9,12.018233
9,12.022667
9,12.052833
9,13.283967
9,13.798333
10,2.230333
10,2.916633
10,3.1121
10,3.117033
10,3.121033
10,3.1255
10,3.362967
10,3.370333
10,3.376
10,3.411233
10,3.437533
10,3.448967
10,3.6652
10,4.1211
10,4.126133
10,4.131767
10,4.180767
10,4.1854
10,4.1914
10,4.202167
10,4.279367
10,4.2861
10,4.294233
10,4.381
10,4.386933
10,4.391833
10,4.474
10,4.482033
10,4.487133
10,4.615433
10,4.622633
10,4.7027
10,4.785733
10,4.7902
10,4.795733
10,4.816967
10,4.8233
10,4.8373
10,4.884333
10,4.8972
10,4.9045
10,4.953533
10,4.961
10,5.069567
10,5.075933
10,5.154367
10,5.159667
10,5.163533
10,5.172067
10,5.190633
10,5.289733
10,5.295167
10,5.300233
10,5.3225
10,5.330233
10,5.512967
10,5.5181
10,5.529667
10,5.535367
10,5.5417
10,5.549333
10,5.5693
10,5.575467
10,5.626133
10,5.632167
10,5.6509
10,5.656733
10,5.661933
10,5.673933
10,5.690133
10,5.6954
10,5.727433
10,5.733467
10,5.825967
10,5.858467
10,5.8655
10,5.878767
10,5.8914
10,5.898867
10,5.9606
10,5.975333
10,7.208433
10,7.464733
10,7.472933
10,7.478233
10,7.502433
10,7.831133
10,7.843733
10,8.082267
10,8.351233
10,8.8102
10,8.8172
10,8.8216
10,8.8265
10,9.047233
10,9.0533
10,9.0687
10,9.0735
10,9.1072
10,9.113167
10,9.371433
10,9.574833
10,9.586233
10,9.594167
10,9.639067
10,9.807733
10,9.974033
10,10.0938
10,10.1162
10,10.125567
10,10.140867
10,10.236433
10,10.246833
10,10.2529
10,10.262167
10,10.271433
10,10.2767
10,10.2967
10,10.3515
10,10.487067
10,10.5108
10,10.516067
10,10.5342
10,10.6843
10,10.759667
10,10.777233
10,10.783733
10,10.800867
10,10.863667
10,10.868833
10,10.8748
10,10.881033
10,10.9339
10,10.952
10,10.9561
10,10.962567
10,11.067033
10,11.0737
10,11.0803
10,11.152567
10,11.198267
10,11.204533
10,11.463867
10,11.511233
10,11.526367
10,11.5629
10,11.571067
10,11.6238
10,11.6326
10,11.6368
10,11.648033
10,11.653333
10,11.6672
10,11.766133
10,11.772733
10,11.784
10,11.858167
10,11.8635
10,12.0504
10,12.360867
10,12.367767
10,12.373233
10,12.378467
10,12.451
10,12.4555
10,12.461267
10,12.468467
10,14.5236
10,14.529167
10,14.5339
10,14.839033
10,14.845333
11,0.624767
11,0.845167
11,0.8569
11,1.547467
11,1.559967
11,1.5655
11,3.063567
11,3.0782
11,3.345333
11,3.404133
11,3.4243
11,3.43
11,3.5882
11,3.593733
11,3.610233
11,3.677333
11,3.681933
11,3.691867
11,3.859833
11,3.9924
11,4.0566
11,4.0623
11,4.129267
11,4.178867
11,4.185933
11,4.195367
11,4.2042
11,4.240867
11,4.251233
11,4.259133
11,4.264933
11,4.2772
11,4.2828
11,4.286967
11,4.2931
11,4.386833
11,4.390667
11,4.450433
11,4.460733
11,4.465933
11,4.535367
11,4.5441
11,4.567867
11,4.7572
11,4.767867
11,4.7722
11,4.862967
11,4.881467
11,4.888667
11,4.922767
11,4.939567
11,4.9474
11,4.9837
11,5.064633
11,5.072333
11,5.076533
11,5.1517
11,5.1558
11,5.1605
11,5.299433
11,5.305967
11,5.510967
11,5.527967
11,5.533167
11,5.642933
11,5.647567
11,5.650567
11,5.6566
11,5.6664
11,5.676667
11,5.685833
11,5.8574
11,5.864233
11,5.875033
11,6.005633
11,7.5203
11,7.788367
11,8.506867
11,8.515733
11,8.519333
11,8.5233
11,8.5293
11,8.947133
11,8.953867
11,8.9592
11,8.9654
11,9.048933
11,9.082967
11,9.095767
11,9.126533
11,9.132967
11,9.344367
11,9.395267
11,9.401267
11,9.406533
11,9.4195
11,9.600433
11,9.630533
11,9.677467
11,9.686133
11,9.6936
11,9.827333
11,10.0124
11,10.015967
11,10.022333
11,10.082167
11,10.120767
11,10.127967
11,10.1329
11,10.137267
11,10.2027
11,10.2071
11,10.2124
11,10.252567
11,10.258167
11,10.279533
11,10.344767
11,10.392067
11,10.4435
11,10.4632
11,10.468333
11,10.481667
11,10.4881
11,10.527567
11,10.542067
11,10.779667
11,10.786233
11,10.792033
11,10.8108
11,10.876667
11,10.917333
11,10.923333
11,10.9321
11,10.935933
11,10.9422
11,10.956433
11,11.0419
11,11.046767
11,11.060733
11,11.065533
11,11.0739
11,11.1668
11,11.171667
11,11.4583
11,11.463133
11,11.507967
11,11.5118
11,11.5194
11,11.5626
11,11.600867
11,11.6099
11,11.631433
11,11.637567
11,11.652333
11,11.6574
11,11.6694
11,11.684733
11,11.691567
11,11.699
11,11.699833
11,11.7056
11,11.7522
11,11.766533
11,13.448567
11,13.468733
11,13.4732
11,13.4786
11,13.990133
11,13.994633
11,14.021933
11,14.133267
11,14.141567
12,0.9964
12,1.0938
12,1.098833
12,1.107633
12,1.1132
12,1.2822
12,1.2875
12,1.2943
12,1.308033
12,1.317167
12,1.770967
12,1.776833
12,1.782167
12,1.9752
12,1.9808
12,3.0381
12,3.0769
12,3.117567
12,3.126333
12,3.3271
12,3.3326
12,3.3659
12,3.593367
12,3.713567
12,3.881333
12,3.995567
12,4.029667
12,4.035567
12,4.1144
12,4.120967
12,4.179633
12,4.184267
12,4.252533
12,4.260833
12,4.2654
12,4.2694
12,4.2945
12,4.298733
12,4.306033
12,4.316967
12,4.371767
12,4.377467
12,4.382867
12,4.388633
12,4.462
12,4.466967
12,4.579
12,4.624567
12,4.773967
12,4.779367
12,4.784967
12,4.790633
12,4.8066
12,4.8911
12,4.908233
12,4.913367
12,4.925067
12,4.9304
12,4.942833
12,4.953867
12,4.963133
12,4.969133
12,4.976433
12,4.984167
12,5.054567
12,5.0592
12,5.064367
12,5.082667
12,5.1267
12,5.1547
12,5.1614
12,5.227367
12,5.504667
12,5.578767
12,5.622233
12,5.627533
12,5.634767
12,5.645467
12,5.655533
12,5.674367
12,5.696567
12,5.712033
12,5.7688
12,7.221433
12,8.171533
12,9.052267
12,9.058533
12,9.0734
12,9.1069
12,9.118167
12,9.1252
12,9.3436
12,9.351567
12,9.3622
12,9.624567
12,9.630267
12,9.845933
12,10.070767
12,10.079533
12,10.084567
12,10.1118
12,10.118567
12,10.127233
12,10.2356
12,10.2423
12,10.253433
12,10.261333
12,10.275967
12,10.3846
12,10.389833
12,10.396933
12,10.8302
12,10.840267
12,10.852467
12,10.927433
12,10.9329
12,10.939133
12,10.945
12,10.951367
12,10.9612
12,11.054833
12,11.058967
12,11.063133
12,11.069067
12,11.489333
12,11.5032
12,11.519267
12,11.528467
12,11.5465
12,11.552067
12,11.557933
12,11.5638
12,11.5709
12,11.633733
12,11.651
12,11.656933
12,11.6635
12,11.669567
12,11.676733
12,11.764733
12,11.7714
12,11.780633
12,13.687167
12,13.6929
12,13.699
12,13.7962
13,0.1027
13,0.109467
13,0.114733
13,0.1231
13,0.1338
13,0.3156
13,0.329567
13,0.3431
13,0.6037
13,0.609333
13,0.6878
13,0.6931
13,0.844033
13,0.938533
13,0.948467
13,1.319667
13,1.3401
13,1.643033
13,1.651033
13,3.020967
13,3.094667
13,3.157267
13,3.165167
13,3.1717
13,3.2984
13,3.303233
13,3.311167
13,3.346133
13,3.446533
13,3.568167
13,3.5884
13,3.597533
13,3.839833
13,3.849267
13,3.992367
13,4.001067
13,4.089333
13,4.096367
13,4.1003
13,4.115
13,4.125133
13,4.1341
13,4.178233
13,4.184033
13,4.1897
13,4.231367
13,4.2368
13,4.247733
13,4.2557
13,4.2701
13,4.3066
13,4.316067
13,4.322
13,4.352233
13,4.355567
13,4.362
13,4.368067
13,4.4115
13,4.439433
13,4.4443
13,4.4495
13,4.4538
13,4.467633
13,4.472433
13,4.4802
13,4.486833
13,4.522233
13,4.5604
13,4.5705
13,4.582
13,4.781867
13,4.793367
13,4.829233
13,4.862567
13,4.868133
13,4.910133
13,4.9321
13,4.937433
13,4.946467
13,5.0128
13,5.021633
13,5.042967
13,5.054667
13,5.133
13,5.1469
13,5.183233
13,5.1904
13,5.195633
13,5.260567
13,5.267633
13,5.273867
13,5.2825
13,5.3892
13,5.4005
13,5.4084
13,5.528867
13,5.538333
13,5.557167
13,5.561967
13,5.6071
13,5.618567
13,5.625833
13,5.642667
13,5.667067
13,5.7068
13,5.713133
13,5.7207
13,5.740933
13,5.841033
13,5.905067
13,5.966667
13,6.044667
13,6.254633
13,6.4436
13,7.644267
13,7.809267
13,8.257767
13,8.785033
13,9.039633
13,9.089067
13,9.1053
13,9.2684
13,9.321133
13,9.3245
13,9.326533
13,9.392433
13,9.397233
13,9.403867
13,9.575167
13,9.783433
13,10.073467
13,10.0832
13,10.094133
13,10.102567
13,10.1102
13,10.158167
13,10.219667
13,10.357533
13,10.364233
13,10.370533
13,10.443933
13,10.448067
13,10.510867
13,10.518633
13,10.542433
13,10.7627
13,10.773533
13,10.780267
13,10.873567
13,10.888667
13,10.8957
13,10.919833
13,11.045933
13,11.138167
13,11.1482
13,11.383967
13,11.4853
13,11.49
13,11.498133
13,11.518733
13,11.538833
13,11.5474
13,11.552
13,11.6065
13,11.6138
13,11.619467
13,11.6288
13,11.634267
13,11.668267
13,11.677767
13,11.687267
13,11.736167
13,11.837933
13,11.8418
13,11.847033
13,11.9585
13,12.648867
13,13.1066
13,13.114733
13,13.956667
13,14.1613
13,14.170833
13,14.178933
13,14.3438
13,14.5553
13,14.733267
14,0.5074
14,2.289867
14,2.2966
14,2.3029
14,3.1214
14,3.126367
14,3.129467
14,3.133867
14,3.3888
14,3.395633
14,3.400967
14,3.634967
14,3.6402
14,3.646467
14,4.0365
14,4.092133
14,4.0978
14,4.103167
14,4.108367
14,4.2099
14,4.215633
14,4.2609
14,4.2957
14,4.367167
14,4.3746
14,4.417433
14,4.460467
14,4.470367
14,4.781267
14,4.7875
14,4.7941
14,4.816033
14,4.842233
14,4.862667
14,4.869467
14,4.913533
14,4.918167
14,4.932333
14,4.9424
14,4.967067
14,4.979833
14,5.046267
14,5.051067
14,5.127667
14,5.1338
14,5.1393
14,5.2131
14,5.2849
14,5.4891
14,5.5715
14,5.583633
14,5.589333
14,5.597833
14,5.635567
14,5.6514
14,5.6588
14,5.667033
14,5.674433
14,5.681467
14,5.686033
14,5.8127
14,5.934333
14,5.9751
14,5.9824
14,7.110467
14,7.364633
14,7.672033
14,7.678067
14,7.6855
14,7.691
14,8.316067
14,8.669833
14,8.9408
14,8.9493
14,9.0232
14,9.029933
14,9.052733
14,9.059233
14,9.078067
14,9.082967
14,9.089233
14,9.0972
14,9.3764
14,9.386867
14,9.391967
14,9.399767
14,9.406567
14,9.484033
14,9.499667
14,9.569233
14,9.572733
14,9.599633
14,9.641867
14,9.654667
14,9.874033
14,9.8807
14,9.886933
14,10.052267
14,10.0584
14,10.103167
14,10.109433
14,10.160633
14,10.1696
14,10.189433
14,10.199333
14,10.3015
14,10.304133
14,10.308533
14,10.317133
14,10.338533
14,10.353033
14,10.356733
14,10.3634
14,10.378833
14,10.447867
14,10.453867
14,10.772667
14,10.7791
14,10.825267
14,10.8314
14,10.8357
14,10.842467
14,10.8488
14,10.895567
14,10.9014
14,10.916033
14,10.939333
14,10.953933
14,11.0532
14,11.060433
14,11.468367
14,11.484
14,11.493567
14,11.498533
14,11.527467
14,11.531067
14,11.5365
14,11.6164
14,11.621467
14,11.630833
14,11.6373
14,11.6446
14,11.650367
14,11.840667
14,11.8615
14,11.9782
14,11.981733
14,11.987767
14,13.442733
15,0.196133
15,2.932367
15,2.941
15,3.025967
15,3.026967
15,3.027733
15,3.092067
15,3.0963
15,3.099333
15,3.106933
15,3.112167
15,3.121233
15,3.209433
15,3.399367
15,3.406167
15,3.413633
15,3.492667
15,3.631967
15,3.7992
15,3.854167
15,4.124667
15,4.136567
15,4.1428
15,4.150367
15,4.1565
15,4.2233
15,4.227267
15,4.232667
15,4.257733
15,4.276833
15,4.290967
15,4.305133
15,4.3669
15,4.378
15,4.416167
15,4.4246
15,4.4469
15,4.4543
15,4.526633
15,4.7774
15,4.847733
15,4.8595
15,4.865467
15,4.9098
15,4.928867
15,4.9334
15,4.938133
15,4.951033
15,4.9575
15,4.9753
15,4.981567
15,4.991
15,5.003967
15,5.270933
15,5.2782
15,5.2824
15,5.490067
15,5.495833
15,5.5022
15,5.536833
15,5.544633
15,5.608067
15,5.614567
15,5.632533
15,5.642433
15,5.650267
15,5.662533
15,5.6864
15,5.6966
15,5.704467
15,5.710067
15,5.847733
15,5.856067
15,7.0131
15,8.191533
15,8.383
15,8.8743
15,9.093267
15,9.098333
15,9.1031
15,9.345933
15,9.3883
15,9.410967
15,9.6029
15,9.654633
15,9.659867
15,9.9612
15,9.969933
15,9.993233
15,10.094767
15,10.103367
15,10.114933
15,10.1232
15,10.18
15,10.233733
15,10.247033
15,10.253133
15,10.376267
15,10.453633
15,10.4595
15,10.6826
15,10.911533
15,10.9162
15,10.920867
15,10.925733
15,10.9359
15,10.941367
15,10.951167
15,10.957433
15,11.042633
15,11.049033
15,11.053967
15,11.1597
15,11.166967
15,11.3496
15,11.489733
15,11.496267
15,11.5538
15,11.562233
15,11.6148
15,11.644667
15,11.657333
15,11.680067
15,11.6926
15,11.728133
15,13.914333
15,13.921033
15,14.6713
16,0.0114
16,0.275867
16,0.2862
16,0.303867
16,0.311933
16,0.766133
16,0.790733
16,0.848467
16,0.851167
16,0.853333
16,0.8536
16,1.149533
16,1.156867
16,1.162
16,3.082467
16,3.397267
16,3.6694
16,3.676867
16,3.680933
16,3.688767
16,3.849633
16,3.917233
16,4.118667
16,4.1829
16,4.214667
16,4.221567
16,4.2259
16,4.2372
16,4.2401
16,4.252533
16,4.2761
16,4.288967
16,4.462167
16,4.468633
16,4.6335
16,4.6389
16,4.647233
16,4.762867
16,4.791267
16,4.8019
16,4.823033
16,4.8397
16,4.870567
16,4.9641
16,4.969567
16,5.018467
16,5.053233
16,5.059133
16,5.065967
16,5.0787
16,5.1882
16,5.4298
16,5.438167
16,5.4725
16,5.4787
16,5.532733
16,5.5505
16,5.557333
16,5.562
16,5.5683
16,5.637633
16,5.646433
16,5.653167
16,5.736233
16,5.765333
16,5.7713
16,6.3255
16,6.335433
16,7.4592
16,7.4813
16,7.495867
16,8.011933
16,8.624667
16,9.033433
16,9.0538
16,9.064867
16,9.0922
16,9.100033
16,9.106867
16,9.227267
16,9.330433
16,9.3366
16,9.343233
16,9.3907
16,9.7826
16,10.0526
16,10.057667
16,10.099567
16,10.1031
16,10.108967
16,10.174333
16,10.183033
16,10.237133
16,10.246367
16,10.251967
16,10.354467
16,10.358267
16,10.4182
16,10.511
16,10.519167
16,10.525667
16,10.675733
16,10.7766
16,10.7863
16,10.878333
16,10.902
16,10.9096
16,10.916133
16,10.922133
16,10.926633
16,10.937867
16,10.9688
16,11.038067
16,11.042567
16,11.049933
16,11.1613
16,11.489
16,11.5142
16,11.579967
16,11.5902
16,11.596233
16,11.610367
16,11.6179
16,11.626867
16,11.632933
16,11.6339
16,11.646533
16,11.66
16,11.667833
16,11.6752
16,11.6821
16,11.689467
16,11.696333
16,11.773
16,11.842
16,12.2814
16,12.289033
16,12.2934
16,14.8577
16,14.8665
16,14.8718
16,14.880067
17,0.015333
17,0.2895
17,0.2997
17,1.052567
17,3.057
17,3.309567
17,3.3408
17,3.390667
17,3.6397
17,3.6759
17,3.8664
17,4.1027
17,4.1295
17,4.1774
17,4.182667
17,4.2589
17,4.276567
17,4.282867
17,4.291067
17,4.3473
17,4.353567
17,4.3555
17,4.363433
17,4.3679
17,4.3801
17,4.445633
17,4.453267
17,4.4579
17,4.521333
17,4.586467
17,4.595433
17,4.784867
17,4.791
17,4.7978
17,4.898933
17,4.908167
17,4.931333
17,4.9609
17,4.972433
17,4.981467
17,5.053167
17,5.062733
17,5.449733
17,5.5636
17,5.609733
17,5.6154
17,5.628433
17,5.680467
17,7.104767
17,8.611133
17,8.694233
17,8.703567
17,8.764433
17,8.768133
17,8.772233
17,9.0552
17,9.064933
17,9.070033
17,9.0959
17,9.138133
17,9.143233
17,9.1531
17,9.351567
17,9.372067
17,9.402067
17,9.8845
17,10.097133
17,10.102433
17,10.143233
17,10.1615
17,10.228867
17,10.2355
17,10.2527
17,10.260367
17,10.272333
17,10.277467
17,10.3634
17,10.384433
17,10.453333
17,10.453733
17,10.459067
17,10.4652
17,10.863933
17,10.905133
17,10.9094
17,10.9156
17,10.9245
17,10.931567
17,10.937867
17,10.949333
17,11.041133
17,11.047333
17,11.055067
17,11.065567
17,11.072067
17,11.4985
17,11.598267
17,11.604867
17,11.610267
17,11.6173
17,11.673833
17,11.6784
17,11.6906
17,11.9753
17,14.384933
17,14.3919
17,14.395967
17,14.6381
17,14.748767
17,14.861
18,0.371833
18,1.3801
18,2.8961
18,2.896533
18,2.9038
18,2.916833
18,3.075767
18,3.090267
18,3.0945
18,3.102133
18,3.206933
18,3.215033
18,3.347767
18,3.3552
18,4.082633
18,4.090433
18,4.102067
18,4.1072
18,4.112267
18,4.119133
18,4.1245
18,4.1523
18,4.173533
18,4.2196
18,4.225067
18,4.229167
18,4.2363
18,4.251433
18,4.258367
18,4.355233
18,4.359767
18,4.365867
18,4.3733
18,4.456867
18,4.463067
18,4.755367
18,4.7605
18,4.7746
18,4.938467
18,4.9467
18,4.9537
18,5.0484
18,5.1496
18,5.202
18,5.354167
18,5.362867
18,5.4964
18,5.5046
18,5.5213
18,5.568733
18,5.607533
18,5.6151
18,5.635033
18,5.642667
18,5.7443
18,6.006467
18,7.270933
18,9.060967
18,9.591867
18,9.6298
18,9.636467
18,9.845267
18,10.013133
18,10.033
18,10.073367
18,10.0835
18,10.090667
18,10.113067
18,10.157967
18,10.163467
18,10.228233
18,10.233833
18,10.2837
18,10.292167
18,10.375633
18,10.4547
18,10.4688
18,10.761333
18,10.773633
18,10.779867
18,10.785533
18,10.795067
18,10.931333
18,10.9363
18,11.0355
18,11.041167
18,11.0459
18,11.051233
18,11.1098
18,11.170467
18,11.204067
18,11.209233
18,11.3586
18,11.4596
18,11.492533
18,11.497367
18,11.5824
18,11.603033
18,11.637933
18,11.643567
18,11.649967
18,11.655867
18,11.684967
18,11.740267
18,11.752467
18,11.9189
18,12.837067
19,0.1922
19,0.8361
19,0.870467
19,1.449267
19,1.4546
19,1.4642
19,1.470533
19,1.614767
19,1.622267
19,1.633133
19,1.9987
19,2.0126
19,2.014967
19,2.0247
19,2.031733
19,2.035367
19,2.190667
19,2.2369
19,2.240133
19,2.8291
19,2.835733
19,3.0878
19,3.212633
19,3.366867
19,3.384
19,3.3986
19,3.4026
19,3.662833
19,3.668133
19,3.676767
19,3.6868
19,4.100467
19,4.1056
19,4.126867
19,4.133767
19,4.148333
19,4.1543
19,4.158967
19,4.171533
19,4.178667
19,4.184733
19,4.2258
19,4.252767
19,4.258367
19,4.269233
19,4.287967
19,4.293933
19,4.300467
19,4.367533
19,4.371967
19,4.377533
19,4.451567
19,4.456333
19,4.515433
19,4.571733
19,4.579267
19,4.584433
19,4.665067
19,4.672133
19,4.790167
19,4.842067
19,4.848233
19,4.923933
19,4.9358
19,4.9674
19,5.042233
19,5.0538
19,5.117567
19,5.126633
19,5.364267
19,5.460533
19,5.4672
19,5.493067
19,5.501067
19,5.557167
19,5.5651
19,5.602
19,5.607767
19,5.625033
19,5.632167
19,5.638267
19,5.645533
19,5.651567
19,5.666733
19,5.684167
19,5.689567
19,5.7067
19,5.7173
19,5.905933
19,7.0727
19,8.306567
19,8.8227
19,8.8304
19,9.0503
19,9.083133
19,9.088733
19,9.094567
19,9.1219
19,9.127333
19,9.2705
19,9.2809
19,9.385533
19,9.4563
19,9.600133
19,9.6497
19,9.655267
19,9.6602
19,9.699833
19,9.710167
19,9.857967
19,9.864533
19,9.889367
19,9.8948
19,10.0404
19,10.087067
19,10.0936
19,10.098
19,10.116033
19,10.123767
19,10.124
19,10.139
19,10.2288
19,10.365667
19,10.367133
19,10.370967
19,10.376633
19,10.4505
19,10.489767
19,10.531033
19,10.538833
19,10.600567
19,10.610967
19,10.762667
19,10.769233
19,10.7842
19,10.790133
19,10.828767
19,10.835933
19,10.842433
19,10.849333
19,10.898933
19,10.9063
19,10.922867
19,10.9359
19,11.032467
19,11.038267
19,11.167467
19,11.197867
19,11.294767
19,11.478333
19,11.4844
19,11.491167
19,11.5709
19,11.5951
19,11.596833
19,11.611
19,11.6194
19,11.6467
19,11.651867
19,11.884167
19,12.714167
19,12.920233
19,12.927267
19,13.233367
19,13.398433
19,13.404433
19,14.5038
19,14.5111
19,14.516167
19,14.668267
